station_id,station_name,lat,lon,type,n_bikes,original_id
BIKE_0001,ğŸš²ëšì„¬ìœ ì›ì§€ì—­ 1ë²ˆì¶œêµ¬ ì•,37.53186,127.067192,bike,12,ST-99
BIKE_0002,ğŸš²ì‹ ì–‘ì´ˆêµì• êµì°¨ë¡œ,37.535221,127.068398,bike,4,ST-988
BIKE_0003,ğŸš²ì›ì¼êµíšŒ,37.538052,127.076599,bike,0,ST-987
BIKE_0004,ğŸš²ê´‘ì§„êµ¬ì²­ ì•,37.539501,127.083,bike,1,ST-984
BIKE_0005,ğŸš²ì†¡íŒŒêµ¬ ì¤‘ëŒ€ë¡œ 16,37.489872,127.11084,bike,12,ST-981
BIKE_0006,ğŸš²nan,37.528454,127.078033,bike,1,ST-980
BIKE_0007,ğŸš²ê´‘ì§„êµ¬ì˜íšŒ ì•,37.537308,127.070351,bike,13,ST-98
BIKE_0008,ğŸš²í•™ìƒíšŒê´€,37.541912,127.077637,bike,11,ST-974
BIKE_0009,ğŸš²í–‰ì •ê´€,37.542778,127.075371,bike,11,ST-973
BIKE_0010,ğŸš²ì…í•™ì •ë³´ê´€,37.53989,127.073364,bike,3,ST-972
BIKE_0011,ğŸš²nan,37.54705,127.074333,bike,0,ST-97
BIKE_0012,ğŸš²nan,37.501663,127.042976,bike,7,ST-966
BIKE_0013,ğŸš²ê°•ë‚¨êµ¬ì²­ì—­ 2ë²ˆì¶œêµ¬ ë’¤,37.516811,127.040474,bike,5,ST-963
BIKE_0014,ğŸš²ì„œìš¸ë³¸ë¶€ì„¸ê´€(ê±´ì„¤íšŒê´€ ì•),37.51759,127.035027,bike,5,ST-962
BIKE_0015,ğŸš²ë‘ì‚°ê±´ì„¤ ë³¸ì‚¬,37.518639,127.0354,bike,15,ST-961
BIKE_0016,ğŸš²102ë™ ì•,37.494823,127.047905,bike,13,ST-960
BIKE_0017,ğŸš²ì—­ì‚¼ë¹Œë”©,37.501545,127.038567,bike,6,ST-959
BIKE_0018,"ğŸš²êµ­ë¦½êµ­ì•…ì¤‘,ê³ êµ ì •ë¬¸ ë§ì€í¸",37.475605,127.050377,bike,12,ST-958
BIKE_0019,ğŸš²10ë™ ì•,37.481384,127.053917,bike,12,ST-957
BIKE_0020,ğŸš²ë„ê³¡1ë™ ì£¼ë¯¼ì„¼í„° êµì°¨ë¡œ,37.492809,127.041389,bike,1,ST-956
BIKE_0021,ğŸš²ì‚¼ì„±ì—­ 5~6ë²ˆ ì¶œêµ¬,37.509121,127.062309,bike,1,ST-955
BIKE_0022,ğŸš²ê°•ë‚¨êµ¬ì²­,37.51807,127.047119,bike,8,ST-954
BIKE_0023,ğŸš²ì²­ë‹´ì—­ 2ë²ˆì¶œêµ¬,37.519787,127.056763,bike,9,ST-953
BIKE_0024,ğŸš²ì²­ì†Œë…„ ìˆ˜ë ¨ê´€ ìˆ˜ì˜ì¥ ì•,37.483879,127.089027,bike,8,ST-937
BIKE_0025,ğŸš²ì ì‹¤í¬ìŠ¤ì½”ë”ìƒµ,37.5042,127.087532,bike,9,ST-933
BIKE_0026,ğŸš²ì„œì´ˆêµ¬ ë°˜í¬ë™ 131-1,37.502636,127.012314,bike,9,ST-927
BIKE_0027,ğŸš²nan,37.506779,127.07917,bike,4,ST-909
BIKE_0028,ğŸš²ì†¡íŒŒêµ¬ ë°©ì´ë™ 75,37.513962,127.121674,bike,9,ST-908
BIKE_0029,ğŸš²ë¬¸ì •ë™ 627,37.478821,127.123512,bike,3,ST-907
BIKE_0030,ğŸš²ì¥ì§€ë™ 201-5,37.477509,127.126328,bike,2,ST-906
BIKE_0031,ğŸš²ë¬¸ì •ë™ 619,37.479465,127.125328,bike,8,ST-905
BIKE_0032,ğŸš²ë¬¸ì •ë™ 619,37.481537,127.122124,bike,8,ST-904
BIKE_0033,ğŸš²ë¬¸ì •ë™ 346-2,37.484531,127.120163,bike,13,ST-903
BIKE_0034,ğŸš²nan,37.481632,127.119164,bike,15,ST-902
BIKE_0035,ğŸš²ì†¡íŒŒêµ¬ ë¬¸ì •ë™ 398-5,37.481239,127.119797,bike,10,ST-901
BIKE_0036,ğŸš²ì†¡íŒŒêµ¬ ë¬¸ì •ë™ 305-24,37.480576,127.118568,bike,10,ST-900
BIKE_0037,ğŸš²ì†¡íŒŒêµ¬ ë¬¸ì •ë™ 396-3,37.480843,127.118011,bike,8,ST-899
BIKE_0038,ğŸš²ì†¡íŒŒêµ¬ ë¬¸ì •ë™ 373,37.483761,127.117081,bike,12,ST-898
BIKE_0039,ğŸš²ì†¡íŒŒêµ¬ ê°€ë½ë™ 195-1,37.49567,127.130592,bike,6,ST-897
BIKE_0040,ğŸš²ì†¡íŒŒêµ¬ ì‹ ì²œë™ 20-50,37.520077,127.112366,bike,14,ST-894
BIKE_0041,ğŸš²ì†¡íŒŒêµ¬ ë°©ì´ë™ 217-2,37.508968,127.125839,bike,13,ST-892
BIKE_0042,ğŸš²ì†¡íŒŒêµ¬ ì‹ ì²œë™ 28,37.513126,127.10096,bike,10,ST-891
BIKE_0043,ğŸš²ì–‘ì¬ë™ 217-3,37.463322,127.036041,bike,9,ST-890
BIKE_0044,ğŸš²ì„œì´ˆêµ¬ ìš°ë©´ë™ 23-14,37.4692,127.029007,bike,6,ST-889
BIKE_0045,ğŸš²ì„œì´ˆêµ¬ ìš°ë©´ë™ 68-3,37.471928,127.02684,bike,4,ST-879
BIKE_0046,ğŸš²ì†¡íŒŒêµ¬ ì ì‹¤ë™ 31,37.514088,127.09903,bike,9,ST-840
BIKE_0047,ğŸš²ì†¡íŒŒêµ¬ ê°€ë½ë™ 459-4,37.499413,127.112869,bike,7,ST-839
BIKE_0048,ğŸš²ì†¡íŒŒêµ¬ ê°€ë½ë™ 214-3,37.493179,127.118546,bike,1,ST-838
BIKE_0049,ğŸš²nan,37.524254,127.135284,bike,3,ST-830
BIKE_0050,ğŸš²nan,37.493908,127.07962,bike,3,ST-823
BIKE_0051,"ğŸš²ì¼ì›ì—­ 4,5ë²ˆ ì¶œêµ¬ì‚¬ì´",37.483311,127.084938,bike,12,ST-822
BIKE_0052,ğŸš²ì‚¼í˜¸ë¬¼ì‚°ë²„ìŠ¤ì •ë¥˜ì¥(23370) ì˜†,37.477509,127.045174,bike,8,ST-821
BIKE_0053,ğŸš²í˜„ëŒ€ì•„íŒŒíŠ¸ ì •ë¬¸ ì•,37.483261,127.0523,bike,0,ST-820
BIKE_0054,ğŸš²ê°•ë‚¨ì„¸ë¸Œë€ìŠ¤êµì°¨ë¡œ  ë˜ë¯¸ì•ˆê·¸ë ˆì´íŠ¼ 104ë™ ì•,37.494236,127.047462,bike,11,ST-819
BIKE_0055,ğŸš²3í˜¸ì„  ë§¤ë´‰ì—­ 3ë²ˆì¶œêµ¬ì•,37.486767,127.046761,bike,12,ST-818
BIKE_0056,ğŸš²8.ì‚¼í˜¸@ 2ë™ ( ê°„ì„ ë„ë¡œ),37.493759,127.045898,bike,3,ST-817
BIKE_0057,ğŸš²ì–‘ì¬ì—­ 3ë²ˆì¶œêµ¬ ì£¼ë³€,37.485157,127.034073,bike,5,ST-816
BIKE_0058,ğŸš²nan,37.504105,127.049034,bike,3,ST-815
BIKE_0059,ğŸš²ë™ì˜ë¬¸í™”ì„¼í„°ì•,37.498051,127.044601,bike,0,ST-814
BIKE_0060,ğŸš²ìŠ¤íƒ€ë²…ìŠ¤ ì•,37.492199,127.039459,bike,9,ST-813
BIKE_0061,ğŸš²ì—­ì‚¼ì—­ ì§€í•˜ë³´ë„ 2ë²ˆì¶œêµ¬,37.502357,127.04319,bike,9,ST-812
BIKE_0062,ğŸš²nan,37.503212,127.042732,bike,12,ST-811
BIKE_0063,ğŸš²ë±…ë±…ì‚¬ê±°ë¦¬ ëœë“œë§ˆí¬íƒ€ì›Œ ì•,37.490551,127.031464,bike,4,ST-810
BIKE_0064,ğŸš²ëŒ€ì¹˜ë™ ì‚¼ì„±ë¡œ,37.502396,127.0588,bike,9,ST-809
BIKE_0065,ğŸš²ëŒ€ì¹˜ë™ ë²„ê±°í‚¹ëŒ€ì¹˜ì ,37.49865,127.059319,bike,1,ST-808
BIKE_0066,ğŸš²ì²œì£¼êµ ëŒ€ì¹˜ 2ë™ êµíšŒ ì˜†,37.500439,127.066223,bike,14,ST-807
BIKE_0067,ğŸš²ì£¼ì‹íšŒì‚¬ ì˜¤ëšœê¸° ì •ë¬¸ ì•,37.502213,127.067207,bike,5,ST-806
BIKE_0068,ğŸš²ì‚¼ì„±ì—­ 3ë²ˆ ì¶œêµ¬,37.508091,127.063103,bike,1,ST-805
BIKE_0069,ğŸš²í•™ì—¬ìš¸ì—­ ì‚¬ê±°ë¦¬,37.496117,127.069443,bike,2,ST-804
BIKE_0070,ğŸš²nan,37.491913,127.057091,bike,3,ST-803
BIKE_0071,ğŸš²í¬ìŠ¤ì½”4ê±°ë¦¬ ì„œì¸¡(ìˆ˜í˜‘ ì‚¼ì„±ë™ ì§€ì ),37.506607,127.05468,bike,5,ST-802
BIKE_0072,ğŸš²ì‚¼ì„±ì¤‘ì•™ì—­4ë²ˆì¶œêµ¬(ë¬¸í™”ì„¼í„°ë” ë¼ë¹Œ),37.513577,127.055031,bike,1,ST-801
BIKE_0073,ğŸš²ì‚¼ì„±ì—­ 7ë²ˆì¶œêµ¬,37.509575,127.063408,bike,11,ST-800
BIKE_0074,ğŸš²ë´‰ì€ì‚¬ì—­ 5ë²ˆì¶œêµ¬ ì˜†,37.514248,127.061119,bike,9,ST-799
BIKE_0075,ğŸš²nan,37.521015,127.06015,bike,14,ST-798
BIKE_0076,ğŸš²í¬ìŠ¤ì½”ì‚¬ê±°ë¦¬(ê¸°ì—…ì€í–‰),37.507233,127.056854,bike,5,ST-797
BIKE_0077,ğŸš²ê¸ˆì›ë¹Œë”©,37.525116,127.052467,bike,8,ST-796
BIKE_0078,ğŸš²ì²­ë‹´ì—­ 13ë²ˆ ì¶œêµ¬ ì•,37.52058,127.056328,bike,8,ST-795
BIKE_0079,ğŸš²ì²­ë‹´ë™ ë§¥ë„ë‚ ë“œ ì˜†,37.523613,127.040176,bike,11,ST-794
BIKE_0080,ğŸš²ì••êµ¬ì •íŒŒì¶œì†Œ ì•,37.529301,127.035599,bike,13,ST-793
BIKE_0081,ğŸš²nan,37.528381,127.039017,bike,3,ST-792
BIKE_0082,ğŸš²ì••êµ¬ì •ì—­ 2ë²ˆ ì¶œêµ¬ ì˜†,37.527123,127.028717,bike,8,ST-791
BIKE_0083,ğŸš²MCM ë³¸ì‚¬ ì§ì˜ì  ì•,37.520641,127.034508,bike,0,ST-790
BIKE_0084,ğŸš²nan,37.511627,127.035652,bike,11,ST-789
BIKE_0085,ğŸš²nan,37.511372,127.021461,bike,7,ST-788
BIKE_0086,ğŸš²êµë³´íƒ€ì›Œ ë²„ìŠ¤ì •ë¥˜ì¥,37.505581,127.024277,bike,8,ST-787
BIKE_0087,ğŸš²í•™ë™ë¡œ ë˜ë¯¸ì•ˆ ì•„íŒŒíŠ¸ ì•,37.517773,127.043022,bike,14,ST-786
BIKE_0088,ğŸš²ë˜ë¯¸ì•ˆê°•ë‚¨íì¦ˆ ì•,37.472919,127.095886,bike,2,ST-785
BIKE_0089,ğŸš²ì‚¼ì„±ë„ë¡œê³µì›,37.515888,127.0662,bike,5,ST-784
BIKE_0090,ğŸš²ê°•ë‚¨êµ¬ ì²­ë‹´ë™ 77-76 (í•™ë™ë¡œ 443 ì• ë„ë¡œ),37.518902,127.049385,bike,1,ST-783
BIKE_0091,ğŸš²ëŒ€ëª¨ì‚°ì…êµ¬ì—­ 2ë²ˆì¶œêµ¬ ì•,37.492077,127.071976,bike,6,ST-782
BIKE_0092,ğŸš²ë”ì¼€ì´í˜¸í…” ì…êµ¬(ì–‘ì¬2),37.467506,127.034477,bike,9,ST-781
BIKE_0093,"ğŸš²ì ì›ì—­ 3,4ë²ˆ ì¶œêµ¬ì‚¬ì´",37.512989,127.011177,bike,6,ST-780
BIKE_0094,ğŸš²ë¦¬ì—”íŒŒí¬ 2ë‹¨ì§€ ì•,37.465061,127.101196,bike,5,ST-779
BIKE_0095,ğŸš²ì„¸ê³¡ì‚¬ê±°ë¦¬ ëŒ€ì™•íŒŒì¶œì†Œ ì•,37.465317,127.107727,bike,7,ST-778
BIKE_0096,ğŸš²í˜„ëŒ€ê³ ë“±í•™êµ ê±´ë„ˆí¸,37.524071,127.02179,bike,13,ST-777
BIKE_0097,ğŸš²nan,37.516197,127.009209,bike,13,ST-776
BIKE_0098,ğŸš²ê°œí¬ë™ 1277,37.471539,127.050591,bike,13,ST-775
BIKE_0099,ğŸš²ì–‘ì¬ë™ 238-1,37.462688,127.046112,bike,10,ST-774
BIKE_0100,ğŸš²ì–‘ì¬ë™ 238,37.46769,127.04036,bike,14,ST-773
BIKE_0101,ğŸš²nan,37.470165,127.03862,bike,12,ST-772
BIKE_0102,ğŸš²ìš°ë©´ë™ 718,37.462639,127.026619,bike,9,ST-771
BIKE_0103,ğŸš²ì„œì´ˆêµ¬ ì–‘ì¬ë™ 127-1,37.473614,127.03051,bike,12,ST-770
BIKE_0104,ğŸš²ì„œì´ˆêµ¬ ì–‘ì¬ë™ 20-40,37.477852,127.03891,bike,15,ST-769
BIKE_0105,ğŸš²ì„œì´ˆêµ¬ ì–‘ì¬ë™ 105-4,37.481491,127.036728,bike,7,ST-768
BIKE_0106,ğŸš²ì„œì´ˆêµ¬ ì–‘ì¬ë™ 105-4,37.48399,127.03418,bike,5,ST-767
BIKE_0107,ğŸš²ê°•ë‚¨êµ¬ ë„ê³¡ë™ 207,37.485378,127.041702,bike,6,ST-766
BIKE_0108,ğŸš²ì„œì´ˆêµ¬ ì„œì´ˆë™ 1748-6,37.494217,127.013786,bike,2,ST-765
BIKE_0109,ğŸš²ì„œì´ˆêµ¬ ì„œì´ˆë™ 1748-38,37.484558,127.01487,bike,1,ST-764
BIKE_0110,ğŸš²ì„œì´ˆêµ¬ ë°©ë°°ë™ 1037-2,37.482159,127.002701,bike,14,ST-763
BIKE_0111,ğŸš²ì„œì´ˆë™ 1418,37.491112,127.022957,bike,9,ST-762
BIKE_0112,ğŸš²1377,37.496914,127.024963,bike,1,ST-761
BIKE_0113,ğŸš²ì„œì´ˆêµ¬ ë°©ë°°ë™ 1034-2,37.475182,127.001389,bike,10,ST-756
BIKE_0114,ğŸš²ì„œì´ˆêµ¬ ì ì›ë™ 101,37.506199,127.003944,bike,4,ST-750
BIKE_0115,ğŸš²ì„œì´ˆêµ¬ ì ì›ë™ 78,37.513046,127.005959,bike,3,ST-749
BIKE_0116,ğŸš²ì„œì´ˆêµ¬ ë°˜í¬ë™ 117-4,37.502232,127.002258,bike,13,ST-747
BIKE_0117,ğŸš²nan,37.500652,127.018616,bike,15,ST-746
BIKE_0118,ğŸš²ì„œì´ˆêµ¬ ë°˜í¬ë™ 128-7,37.505096,127.013107,bike,12,ST-745
BIKE_0119,ğŸš²ì†¡íŒŒêµ¬ ì˜¤ê¸ˆë™ 44-2,37.502594,127.127647,bike,15,ST-740
BIKE_0120,ğŸš²ì†¡íŒŒêµ¬ ì‹ ì²œë™ 33,37.512104,127.10778,bike,10,ST-739
BIKE_0121,ğŸš²ì†¡íŒŒêµ¬ ê°€ë½ë™ 100-2,37.493729,127.120621,bike,1,ST-737
BIKE_0122,ğŸš²ì†¡íŒŒêµ¬ ì ì‹¤ë™ 36-1,37.508873,127.087166,bike,14,ST-553
BIKE_0123,ğŸš²ì†¡íŒŒêµ¬ ì ì‹¤ë™ 40-1,37.508888,127.097229,bike,14,ST-552
BIKE_0124,ğŸš²ì†¡íŒŒêµ¬ ì ì‹¤ë™ 38,37.510509,127.093369,bike,0,ST-551
BIKE_0125,ğŸš²nan,37.511841,127.095688,bike,15,ST-550
BIKE_0126,ğŸš²ì†¡íŒŒêµ¬ ì ì‹¤ë™ 20,37.512169,127.078934,bike,4,ST-548
BIKE_0127,ğŸš²ì†¡íŒŒêµ¬ ì ì‹¤ë™ 19-10,37.511982,127.085052,bike,2,ST-547
BIKE_0128,ğŸš²ì†¡íŒŒêµ¬ ì ì‹¤ë™ 230,37.505692,127.084038,bike,11,ST-546
BIKE_0129,ğŸš²ì†¡íŒŒêµ¬ ì¥ì§€ë™ 839-4,37.479305,127.129799,bike,13,ST-545
BIKE_0130,ğŸš²ì†¡íŒŒêµ¬ ë°©ì´ë™ 89-28,37.516571,127.131538,bike,9,ST-544
BIKE_0131,ğŸš²nan,37.50832,127.133217,bike,5,ST-543
BIKE_0132,ğŸš²ì†¡íŒŒêµ¬ ì‹ ì²œë™ 15,37.520451,127.104202,bike,2,ST-542
BIKE_0133,ğŸš²nan,37.529747,127.119965,bike,11,ST-541
BIKE_0134,ğŸš²ì†¡íŒŒêµ¬ ì ì‹¤ë™ 53-4,37.51128,127.078239,bike,8,ST-540
BIKE_0135,ğŸš²ì†¡íŒŒêµ¬ ì ì‹¤ë™ 50,37.510429,127.071373,bike,9,ST-539
BIKE_0136,ğŸš²ì„±ìˆ˜ë™2ê°€ 315-105,37.544159,127.056656,bike,0,ST-506
BIKE_0137,ğŸš²nan,37.533779,127.137993,bike,13,ST-505
BIKE_0138,ğŸš²nan,37.528252,127.126801,bike,10,ST-503
BIKE_0139,ğŸš²nan,37.526794,127.130058,bike,5,ST-502
BIKE_0140,ğŸš²nan,37.530716,127.120987,bike,9,ST-497
BIKE_0141,ğŸš²nan,37.536007,127.122726,bike,2,ST-496
BIKE_0142,ğŸš²nan,37.534744,127.135284,bike,9,ST-495
BIKE_0143,ğŸš²nan,37.534508,127.138405,bike,9,ST-494
BIKE_0144,ğŸš²nan,37.538666,127.124245,bike,13,ST-493
BIKE_0145,ğŸš²nan,37.549355,127.127083,bike,2,ST-492
BIKE_0146,ğŸš²nan,37.543957,127.125488,bike,12,ST-487
BIKE_0147,ğŸš²nan,37.545265,127.125938,bike,1,ST-486
BIKE_0148,ğŸš²nan,37.541794,127.124748,bike,11,ST-485
BIKE_0149,ğŸš²ëšì„¬ìœ ì›ì§€ì—­,37.532688,127.067497,bike,5,ST-483
BIKE_0150,ğŸš²KEBí•˜ë‚˜ì€í–‰ ì„±ìˆ˜ì¤‘ì•™ì§€ì ,37.545418,127.052643,bike,8,ST-482
BIKE_0151,ğŸš²ì„±ìˆ˜2ê°€1ë™ ê³µì˜ì£¼ì°¨ì¥ ì¸ê·¼,37.536808,127.055489,bike,9,ST-446
BIKE_0152,ğŸš²ê´‘ì§„ê´‘ì¥ êµí†µì„¬,37.547829,127.072632,bike,1,ST-445
BIKE_0153,ğŸš²ê´‘ì§„ì²­ì†Œë…„ìˆ˜ë ¨ê´€,37.546547,127.106133,bike,2,ST-388
BIKE_0154,ğŸš²ê´‘ë‚˜ë£¨ì—­ 3ë²ˆ ì¶œêµ¬,37.54483,127.104263,bike,4,ST-387
BIKE_0155,ğŸš²êµ¬ì˜ë¬¸ì£¼ì°¨ì¥ ì•,37.545231,127.084732,bike,15,ST-384
BIKE_0156,ğŸš²êµ¬ì˜3ë™ì£¼ë¯¼ì„¼í„°,37.537849,127.092171,bike,10,ST-381
BIKE_0157,ğŸš²ëŒ€ë¦¼ì•„í¬ë¡œë¦¬ë²„ ì•,37.536579,127.092972,bike,9,ST-378
BIKE_0158,ğŸš²nan,37.539841,127.093887,bike,15,ST-377
BIKE_0159,ğŸš²ê²½ì¼ì¤‘í•™êµ ì•,37.543179,127.04908,bike,1,ST-375
BIKE_0160,ğŸš²nan,37.54829,127.062462,bike,2,ST-371
BIKE_0161,ğŸš²ì‘ë´‰ë™í˜„ëŒ€ì•„íŒŒíŠ¸ ì •ë¥˜ì†Œ,37.549583,127.030243,bike,3,ST-370
BIKE_0162,ğŸš²ì„±ìˆ˜ì—­ 2ë²ˆì¶œêµ¬ ì•,37.54459,127.057083,bike,13,ST-368
BIKE_0163,ğŸš²ì„±ìˆ˜ë¬¸í™”ë³µì§€íšŒê´€ ì•,37.545208,127.047142,bike,5,ST-367
BIKE_0164,ğŸš²nan,37.541367,127.017761,bike,12,ST-366
BIKE_0165,ğŸš²ê¸ˆí˜¸ì—­ 3ë²ˆì¶œêµ¬,37.547928,127.015572,bike,15,ST-365
BIKE_0166,ğŸš²ì„±ë™ì„¸ë¬´ì„œ ê±´ë„ˆí¸,37.547913,127.062752,bike,12,ST-364
BIKE_0167,ğŸš²ì„œìš¸ìˆ²ì—­ 2ë²ˆì¶œêµ¬ ì•,37.542816,127.04467,bike,7,ST-362
BIKE_0168,ğŸš²ë‹¬ë§ì´ê³µì›,37.542053,127.020401,bike,13,ST-357
BIKE_0169,ğŸš²ì„±ë™ì„¸ë¬´ì„œ ë¶€ê·¼,37.548164,127.06237,bike,9,ST-356
BIKE_0170,ğŸš²í™”ì–‘ì‚¬ê±°ë¦¬,37.548149,127.06707,bike,9,ST-355
BIKE_0171,ğŸš²nan,37.517754,127.084465,bike,12,ST-3391
BIKE_0172,ğŸš²nan,37.529613,127.066261,bike,12,ST-3390
BIKE_0173,ğŸš²nan,37.526432,127.017204,bike,13,ST-3389
BIKE_0174,ğŸš²nan,37.525307,127.033028,bike,9,ST-3386
BIKE_0175,ğŸš²nan,37.466938,127.028084,bike,2,ST-3385
BIKE_0176,ğŸš²nan,37.501869,127.137413,bike,11,ST-3384
BIKE_0177,ğŸš²nan,37.502087,127.021622,bike,3,ST-3379
BIKE_0178,ğŸš²nan,37.479553,127.106667,bike,13,ST-3376
BIKE_0179,ğŸš²nan,37.533875,127.088142,bike,8,ST-3369
BIKE_0180,ğŸš²nan,37.541637,127.095085,bike,3,ST-3367
BIKE_0181,ğŸš²nan,37.478165,127.056305,bike,7,ST-3364
BIKE_0182,ğŸš²nan,37.494469,127.028961,bike,8,ST-3361
BIKE_0183,ğŸš²nan,37.499714,127.012123,bike,14,ST-3360
BIKE_0184,ğŸš²nan,37.540886,127.079285,bike,3,ST-3351
BIKE_0185,ğŸš²nan,37.51263,127.042831,bike,11,ST-3348
BIKE_0186,ğŸš²nan,37.503662,127.12606,bike,12,ST-3343
BIKE_0187,ğŸš²nan,37.542065,127.098068,bike,7,ST-3339
BIKE_0188,ğŸš²nan,37.508369,127.022324,bike,4,ST-3332
BIKE_0189,ğŸš²nan,37.543781,127.058037,bike,3,ST-3326
BIKE_0190,ğŸš²nan,37.544365,127.055931,bike,6,ST-3325
BIKE_0191,ğŸš²nan,37.507896,127.010056,bike,3,ST-3310
BIKE_0192,ğŸš²nan,37.536961,127.062737,bike,5,ST-3309
BIKE_0193,ğŸš²nan,37.481319,127.054352,bike,1,ST-3307
BIKE_0194,ğŸš²nan,37.489204,127.051064,bike,2,ST-3302
BIKE_0195,ğŸš²nan,37.521572,127.126884,bike,7,ST-3300
BIKE_0196,ğŸš²í•œë‚¨ ìœ ìˆ˜ì§€ ë³µê°œì£¼ì°¨ì¥,37.530167,127.007439,bike,7,ST-330
BIKE_0197,ğŸš²nan,37.46949,127.047882,bike,1,ST-3298
BIKE_0198,ğŸš²nan,37.479549,127.064056,bike,14,ST-3296
BIKE_0199,ğŸš²nan,37.526463,127.113693,bike,0,ST-3295
BIKE_0200,ğŸš²nan,37.477486,127.057434,bike,3,ST-3294
BIKE_0201,ğŸš²nan,37.480095,127.138496,bike,3,ST-3285
BIKE_0202,ğŸš²nan,37.49662,127.070999,bike,3,ST-3268
BIKE_0203,ğŸš²nan,37.460632,127.080978,bike,13,ST-3257
BIKE_0204,ğŸš²nan,37.524647,127.049149,bike,15,ST-3254
BIKE_0205,ğŸš²í•œë‚¨ì´ˆêµ ì• ë³´ë„ìœ¡êµ,37.538139,127.004097,bike,1,ST-325
BIKE_0206,ğŸš²nan,37.504112,127.076622,bike,9,ST-3246
BIKE_0207,ğŸš²nan,37.481857,127.104561,bike,5,ST-3245
BIKE_0208,ğŸš²nan,37.523903,127.046608,bike,11,ST-3243
BIKE_0209,ğŸš²nan,37.492538,127.119446,bike,4,ST-3242
BIKE_0210,ğŸš²nan,37.500996,127.068039,bike,5,ST-3240
BIKE_0211,ğŸš²í•œê°•ì§„ì—­ 2ë²ˆ ì¶œêµ¬ ì•,37.541153,127.002213,bike,1,ST-324
BIKE_0212,ğŸš²nan,37.494286,127.121704,bike,8,ST-3230
BIKE_0213,ğŸš²nan,37.475052,127.133041,bike,2,ST-3229
BIKE_0214,ğŸš²nan,37.475559,127.038261,bike,7,ST-3221
BIKE_0215,ğŸš²nan,37.477306,127.00592,bike,14,ST-3220
BIKE_0216,ğŸš²nan,37.512291,127.108253,bike,10,ST-3214
BIKE_0217,ğŸš²nan,37.541466,127.130257,bike,10,ST-3209
BIKE_0218,ğŸš²nan,37.51281,127.026367,bike,9,ST-3208
BIKE_0219,ğŸš²nan,37.498615,127.068314,bike,14,ST-3207
BIKE_0220,ğŸš²nan,37.542557,127.044235,bike,1,ST-3205
BIKE_0221,ğŸš²nan,37.538033,127.083557,bike,10,ST-3188
BIKE_0222,ğŸš²nan,37.48661,127.045509,bike,13,ST-3185
BIKE_0223,ğŸš²nan,37.476917,127.006111,bike,2,ST-3181
BIKE_0224,ğŸš²nan,37.494045,127.086784,bike,7,ST-3179
BIKE_0225,ğŸš²nan,37.496658,127.069382,bike,4,ST-3178
BIKE_0226,ğŸš²nan,37.519737,127.057678,bike,12,ST-3164
BIKE_0227,ğŸš²nan,37.503017,127.09214,bike,10,ST-3162
BIKE_0228,ğŸš²nan,37.480118,127.021805,bike,4,ST-3157
BIKE_0229,ğŸš²nan,37.479755,127.019852,bike,3,ST-3156
BIKE_0230,ğŸš²nan,37.497555,127.114944,bike,2,ST-3153
BIKE_0231,ğŸš²nan,37.51796,127.131783,bike,5,ST-3151
BIKE_0232,ğŸš²nan,37.519196,127.132622,bike,2,ST-3150
BIKE_0233,ğŸš²nan,37.527653,127.119301,bike,10,ST-3148
BIKE_0234,ğŸš²nan,37.547966,127.135162,bike,6,ST-3147
BIKE_0235,ğŸš²nan,37.482853,127.005974,bike,3,ST-3144
BIKE_0236,ğŸš²nan,37.539139,127.12162,bike,0,ST-3141
BIKE_0237,ğŸš²nan,37.546444,127.053322,bike,9,ST-3136
BIKE_0238,ğŸš²nan,37.510643,127.131676,bike,3,ST-3133
BIKE_0239,ğŸš²nan,37.508335,127.125679,bike,1,ST-3132
BIKE_0240,ğŸš²nan,37.52618,127.11676,bike,6,ST-3131
BIKE_0241,ğŸš²nan,37.545559,127.053368,bike,12,ST-3121
BIKE_0242,ğŸš²nan,37.546978,127.057968,bike,6,ST-3120
BIKE_0243,ğŸš²nan,37.497753,127.038574,bike,0,ST-3115
BIKE_0244,ğŸš²nan,37.509991,127.058472,bike,3,ST-3112
BIKE_0245,ğŸš²nan,37.51292,127.056427,bike,1,ST-3111
BIKE_0246,ğŸš²nan,37.491074,127.036194,bike,13,ST-3109
BIKE_0247,ğŸš²nan,37.505703,127.029198,bike,12,ST-3108
BIKE_0248,ğŸš²nan,37.548164,127.122574,bike,0,ST-3098
BIKE_0249,ğŸš²nan,37.52211,127.036461,bike,7,ST-3096
BIKE_0250,ğŸš²nan,37.50972,127.066795,bike,2,ST-3079
BIKE_0251,ğŸš²nan,37.525723,127.025887,bike,3,ST-3078
BIKE_0252,ğŸš²nan,37.507671,127.060173,bike,11,ST-3077
BIKE_0253,ğŸš²nan,37.534882,127.115227,bike,10,ST-3070
BIKE_0254,ğŸš²nan,37.524715,127.117439,bike,14,ST-3069
BIKE_0255,ğŸš²nan,37.519169,127.018974,bike,11,ST-3066
BIKE_0256,ğŸš²nan,37.506874,127.064735,bike,2,ST-3057
BIKE_0257,ğŸš²nan,37.489296,127.06617,bike,0,ST-3049
BIKE_0258,ğŸš²nan,37.54808,127.064613,bike,11,ST-3044
BIKE_0259,ğŸš²nan,37.547535,127.066826,bike,1,ST-3043
BIKE_0260,ğŸš²nan,37.539192,127.098015,bike,8,ST-3012
BIKE_0261,ğŸš²nan,37.507496,127.000183,bike,6,ST-3010
BIKE_0262,ğŸš²nan,37.492889,127.002647,bike,1,ST-3009
BIKE_0263,ğŸš²nan,37.52597,127.11821,bike,9,ST-3005
BIKE_0264,ğŸš²nan,37.543324,127.059715,bike,6,ST-3003
BIKE_0265,ğŸš²nan,37.541275,127.048492,bike,2,ST-3002
BIKE_0266,ğŸš²nan,37.516335,127.093803,bike,14,ST-2991
BIKE_0267,ğŸš²nan,37.486336,127.113747,bike,5,ST-2987
BIKE_0268,ğŸš²nan,37.497932,127.096756,bike,4,ST-2986
BIKE_0269,ğŸš²nan,37.477097,127.123703,bike,15,ST-2985
BIKE_0270,ğŸš²nan,37.483524,127.116837,bike,12,ST-2984
BIKE_0271,ğŸš²nan,37.486324,127.115089,bike,1,ST-2973
BIKE_0272,ğŸš²nan,37.486271,127.114769,bike,13,ST-2972
BIKE_0273,ğŸš²nan,37.495602,127.071945,bike,14,ST-2963
BIKE_0274,ğŸš²nan,37.485737,127.033157,bike,5,ST-2962
BIKE_0275,ğŸš²nan,37.48996,127.111961,bike,9,ST-2957
BIKE_0276,ğŸš²nan,37.518692,127.139061,bike,1,ST-2940
BIKE_0277,ğŸš²nan,37.495358,127.139473,bike,6,ST-2937
BIKE_0278,ğŸš²nan,37.519604,127.13871,bike,15,ST-2929
BIKE_0279,ğŸš²nan,37.527229,127.136353,bike,4,ST-2928
BIKE_0280,ğŸš²nan,37.486076,127.059219,bike,14,ST-2927
BIKE_0281,ğŸš²nan,37.486706,127.060501,bike,9,ST-2926
BIKE_0282,ğŸš²nan,37.486423,127.059319,bike,0,ST-2925
BIKE_0283,ğŸš²nan,37.529148,127.116058,bike,5,ST-2919
BIKE_0284,ğŸš²nan,37.502914,127.092537,bike,4,ST-2918
BIKE_0285,ğŸš²nan,37.482636,127.139923,bike,9,ST-2917
BIKE_0286,ğŸš²nan,37.501171,127.085167,bike,8,ST-2916
BIKE_0287,ğŸš²nan,37.498272,127.134865,bike,13,ST-2915
BIKE_0288,ğŸš²nan,37.470928,127.089706,bike,9,ST-2907
BIKE_0289,ğŸš²nan,37.528793,127.084633,bike,4,ST-2891
BIKE_0290,ğŸš²nan,37.509785,127.04277,bike,14,ST-2882
BIKE_0291,ğŸš²nan,37.498062,127.134613,bike,0,ST-2878
BIKE_0292,ğŸš²nan,37.510727,127.130402,bike,15,ST-2877
BIKE_0293,ğŸš²nan,37.517078,127.112328,bike,0,ST-2876
BIKE_0294,ğŸš²nan,37.495243,127.039375,bike,10,ST-2870
BIKE_0295,ğŸš²nan,37.482761,127.080421,bike,12,ST-2869
BIKE_0296,ğŸš²nan,37.472679,127.10376,bike,10,ST-2868
BIKE_0297,ğŸš²nan,37.493706,127.079994,bike,5,ST-2867
BIKE_0298,ğŸš²nan,37.532936,127.075806,bike,5,ST-2865
BIKE_0299,ğŸš²nan,37.516296,127.08461,bike,4,ST-2850
BIKE_0300,ğŸš²nan,37.490879,127.087959,bike,13,ST-2847
BIKE_0301,ğŸš²nan,37.527962,127.051628,bike,1,ST-2839
BIKE_0302,ğŸš²nan,37.460724,127.102875,bike,10,ST-2838
BIKE_0303,ğŸš²nan,37.512642,127.051567,bike,2,ST-2837
BIKE_0304,ğŸš²nan,37.507172,127.101242,bike,10,ST-2833
BIKE_0305,ğŸš²nan,37.548969,127.093529,bike,1,ST-2830
BIKE_0306,ğŸš²nan,37.500027,127.118431,bike,9,ST-2798
BIKE_0307,ğŸš²nan,37.516479,127.114983,bike,13,ST-2797
BIKE_0308,ğŸš²nan,37.502056,127.11055,bike,10,ST-2796
BIKE_0309,ğŸš²nan,37.474022,127.048447,bike,7,ST-2788
BIKE_0310,ğŸš²nan,37.50227,127.121956,bike,11,ST-2757
BIKE_0311,ğŸš²nan,37.523018,127.115883,bike,8,ST-2756
BIKE_0312,ğŸš²nan,37.536854,127.139488,bike,2,ST-2749
BIKE_0313,ğŸš²nan,37.535416,127.133095,bike,4,ST-2748
BIKE_0314,ğŸš²nan,37.529236,127.136475,bike,14,ST-2742
BIKE_0315,ğŸš²nan,37.529449,127.134354,bike,14,ST-2741
BIKE_0316,ğŸš²nan,37.531376,127.127075,bike,1,ST-2740
BIKE_0317,ğŸš²nan,37.529388,127.137184,bike,2,ST-2738
BIKE_0318,ğŸš²nan,37.540741,127.125763,bike,11,ST-2732
BIKE_0319,ğŸš²nan,37.516403,127.077614,bike,11,ST-2728
BIKE_0320,ğŸš²nan,37.476856,127.055367,bike,6,ST-2691
BIKE_0321,ğŸš²nan,37.524162,127.04895,bike,12,ST-2690
BIKE_0322,ğŸš²nan,37.495213,127.033028,bike,10,ST-2689
BIKE_0323,ğŸš²nan,37.53075,127.041603,bike,2,ST-2688
BIKE_0324,ğŸš²nan,37.474426,127.116837,bike,10,ST-2687
BIKE_0325,ğŸš²nan,37.490177,127.073059,bike,13,ST-2686
BIKE_0326,ğŸš²nan,37.495876,127.086502,bike,3,ST-2685
BIKE_0327,ğŸš²nan,37.499866,127.060501,bike,0,ST-2684
BIKE_0328,ğŸš²nan,37.502865,127.065941,bike,12,ST-2683
BIKE_0329,ğŸš²nan,37.519257,127.051598,bike,15,ST-2682
BIKE_0330,ğŸš²nan,37.47364,127.107025,bike,8,ST-2681
BIKE_0331,ğŸš²nan,37.495262,127.049507,bike,0,ST-2680
BIKE_0332,ğŸš²nan,37.514462,127.0326,bike,2,ST-2679
BIKE_0333,ğŸš²nan,37.498402,127.060936,bike,5,ST-2678
BIKE_0334,ğŸš²nan,37.467262,127.098015,bike,5,ST-2677
BIKE_0335,ğŸš²nan,37.471233,127.107216,bike,7,ST-2676
BIKE_0336,ğŸš²nan,37.465347,127.108803,bike,8,ST-2675
BIKE_0337,ğŸš²nan,37.485367,127.038498,bike,8,ST-2674
BIKE_0338,ğŸš²nan,37.524227,127.02285,bike,3,ST-2673
BIKE_0339,ğŸš²nan,37.513908,127.06073,bike,5,ST-2672
BIKE_0340,ğŸš²nan,37.512962,127.053864,bike,5,ST-2671
BIKE_0341,ğŸš²nan,37.508202,127.063965,bike,5,ST-2670
BIKE_0342,ğŸš²nan,37.470398,127.042412,bike,3,ST-2668
BIKE_0343,ğŸš²nan,37.503658,127.005943,bike,3,ST-2667
BIKE_0344,ğŸš²nan,37.483891,127.029053,bike,6,ST-2666
BIKE_0345,ğŸš²nan,37.503204,127.006531,bike,6,ST-2663
BIKE_0346,ğŸš²nan,37.46175,127.049728,bike,9,ST-2662
BIKE_0347,ğŸš²nan,37.507233,127.009453,bike,2,ST-2659
BIKE_0348,ğŸš²nan,37.501507,127.003479,bike,1,ST-2658
BIKE_0349,ğŸš²nan,37.498016,127.022224,bike,6,ST-2657
BIKE_0350,ğŸš²nan,37.483395,127.007362,bike,8,ST-2656
BIKE_0351,ğŸš²nan,37.471718,127.038887,bike,13,ST-2655
BIKE_0352,ğŸš²nan,37.512756,127.126297,bike,9,ST-2621
BIKE_0353,ğŸš²nan,37.521484,127.100281,bike,4,ST-2609
BIKE_0354,ğŸš²nan,37.520218,127.114571,bike,12,ST-2608
BIKE_0355,ğŸš²nan,37.492733,127.117989,bike,12,ST-2606
BIKE_0356,ğŸš²nan,37.476002,127.1231,bike,8,ST-2605
BIKE_0357,ğŸš²nan,37.528652,127.108665,bike,9,ST-2604
BIKE_0358,ğŸš²nan,37.492367,127.136551,bike,12,ST-2603
BIKE_0359,ğŸš²nan,37.50679,127.079269,bike,7,ST-2602
BIKE_0360,ğŸš²nan,37.519211,127.107941,bike,12,ST-2601
BIKE_0361,ğŸš²nan,37.479534,127.126785,bike,11,ST-2599
BIKE_0362,ğŸš²nan,37.477783,127.132057,bike,11,ST-2598
BIKE_0363,ğŸš²nan,37.480511,127.128624,bike,7,ST-2597
BIKE_0364,ğŸš²nan,37.51614,127.103508,bike,9,ST-2596
BIKE_0365,ğŸš²nan,37.519886,127.10434,bike,10,ST-2595
BIKE_0366,ğŸš²nan,37.520809,127.103622,bike,4,ST-2594
BIKE_0367,ğŸš²nan,37.516117,127.084663,bike,5,ST-2593
BIKE_0368,ğŸš²nan,37.523975,127.12751,bike,9,ST-2592
BIKE_0369,ğŸš²nan,37.492016,127.117455,bike,14,ST-2591
BIKE_0370,ğŸš²nan,37.488274,127.130684,bike,7,ST-2590
BIKE_0371,ğŸš²nan,37.486115,127.126671,bike,6,ST-2589
BIKE_0372,ğŸš²nan,37.481743,127.128784,bike,4,ST-2588
BIKE_0373,ğŸš²nan,37.491467,127.12664,bike,6,ST-2587
BIKE_0374,ğŸš²nan,37.495792,127.108116,bike,6,ST-2583
BIKE_0375,ğŸš²nan,37.48489,127.132706,bike,0,ST-2582
BIKE_0376,ğŸš²nan,37.482456,127.124603,bike,0,ST-2581
BIKE_0377,ğŸš²nan,37.523575,127.128044,bike,3,ST-2580
BIKE_0378,ğŸš²ìì–‘ë‚˜ë“¤ëª©,37.52977,127.07486,bike,1,ST-258
BIKE_0379,ğŸš²nan,37.508015,127.125946,bike,3,ST-2579
BIKE_0380,ğŸš²nan,37.502235,127.117287,bike,9,ST-2578
BIKE_0381,ğŸš²nan,37.505852,127.121941,bike,2,ST-2577
BIKE_0382,ğŸš²nan,37.488071,127.118637,bike,0,ST-2576
BIKE_0383,ğŸš²nan,37.499176,127.125893,bike,3,ST-2575
BIKE_0384,ğŸš²nan,37.52478,127.109131,bike,15,ST-2574
BIKE_0385,ğŸš²nan,37.474564,127.136795,bike,10,ST-2573
BIKE_0386,ğŸš²nan,37.516338,127.099854,bike,5,ST-2571
BIKE_0387,ğŸš²nan,37.478539,127.041145,bike,15,ST-2570
BIKE_0388,ğŸš²ì ì‹¤ëŒ€êµë¶ë‹¨ êµì°¨ë¡œ,37.532478,127.085091,bike,4,ST-257
BIKE_0389,ğŸš²nan,37.465591,127.021843,bike,1,ST-2562
BIKE_0390,ğŸš²ê´‘ë‚¨ì¤‘í•™êµ,37.54073,127.102905,bike,0,ST-256
BIKE_0391,ğŸš²nan,37.535988,127.094627,bike,14,ST-255
BIKE_0392,ğŸš²nan,37.549839,127.103027,bike,8,ST-2548
BIKE_0393,ğŸš²nan,37.53471,127.084473,bike,10,ST-2547
BIKE_0394,ğŸš²nan,37.52927,127.077866,bike,12,ST-2546
BIKE_0395,ğŸš²nan,37.53521,127.069,bike,15,ST-2545
BIKE_0396,ğŸš²nan,37.545006,127.083374,bike,10,ST-2544
BIKE_0397,ğŸš²nan,37.546513,127.075714,bike,4,ST-2542
BIKE_0398,ğŸš²nan,37.547649,127.074707,bike,9,ST-2541
BIKE_0399,ğŸš²nan,37.535824,127.094162,bike,13,ST-254
BIKE_0400,ğŸš²nan,37.492294,127.094337,bike,1,ST-2474
BIKE_0401,ğŸš²nan,37.548244,127.059578,bike,8,ST-2467
BIKE_0402,ğŸš²nan,37.546558,127.049988,bike,5,ST-2466
BIKE_0403,ğŸš²ê¸ˆí˜¸ì‚¬ê±°ë¦¬,37.548634,127.025726,bike,10,ST-246
BIKE_0404,ğŸš²ìš°ë¦¬ì€í–‰ ê¸ˆí˜¸ë™ ì§€ì  ì•,37.548149,127.021088,bike,6,ST-245
BIKE_0405,ğŸš²nan,37.537498,127.000847,bike,13,ST-2444
BIKE_0406,ğŸš²nan,37.541439,127.003761,bike,9,ST-2443
BIKE_0407,ğŸš²nan,37.535919,127.005417,bike,0,ST-2442
BIKE_0408,ğŸš²nan,37.467384,127.041458,bike,13,ST-2417
BIKE_0409,ğŸš²nan,37.508476,127.016762,bike,15,ST-2415
BIKE_0410,ğŸš²nan,37.518322,127.014809,bike,13,ST-2414
BIKE_0411,ğŸš²nan,37.494167,127.10453,bike,11,ST-2410
BIKE_0412,ğŸš²nan,37.495358,127.115692,bike,0,ST-2409
BIKE_0413,ğŸš²nan,37.542465,127.094231,bike,10,ST-2407
BIKE_0414,ğŸš²nan,37.465408,127.043777,bike,5,ST-2404
BIKE_0415,ğŸš²ì˜¥ìˆ˜ë™ì„±ë‹¹ ì˜†,37.543663,127.014061,bike,8,ST-239
BIKE_0416,ğŸš²ê¸ˆí˜¸ì—­ 1ë²ˆì¶œêµ¬ ì•,37.548641,127.016426,bike,11,ST-238
BIKE_0417,ğŸš²nan,37.545097,127.044266,bike,2,ST-2341
BIKE_0418,ğŸš²nan,37.546951,127.047562,bike,9,ST-2336
BIKE_0419,ğŸš²nan,37.541958,127.04277,bike,3,ST-2334
BIKE_0420,ğŸš²nan,37.544041,127.023201,bike,8,ST-2332
BIKE_0421,ğŸš²nan,37.546959,127.047668,bike,15,ST-2330
BIKE_0422,ğŸš²nan,37.544769,127.103691,bike,0,ST-2324
BIKE_0423,ğŸš²nan,37.549774,127.090775,bike,12,ST-2322
BIKE_0424,ğŸš²nan,37.547989,127.069504,bike,2,ST-2321
BIKE_0425,ğŸš²nan,37.54747,127.073967,bike,3,ST-2320
BIKE_0426,ğŸš²nan,37.54789,127.067451,bike,6,ST-2318
BIKE_0427,ğŸš²nan,37.533386,127.075569,bike,5,ST-2316
BIKE_0428,ğŸš²nan,37.538177,127.090904,bike,9,ST-2315
BIKE_0429,ğŸš²nan,37.536575,127.082581,bike,12,ST-2314
BIKE_0430,ğŸš²nan,37.541554,127.095108,bike,2,ST-2313
BIKE_0431,ğŸš²nan,37.54435,127.065407,bike,9,ST-2310
BIKE_0432,ğŸš²nan,37.537807,127.089767,bike,5,ST-2309
BIKE_0433,ğŸš²nan,37.539566,127.072441,bike,13,ST-2308
BIKE_0434,ğŸš²nan,37.536903,127.094009,bike,11,ST-2307
BIKE_0435,ğŸš²nan,37.531631,127.069771,bike,4,ST-2306
BIKE_0436,ğŸš²nan,37.535072,127.076111,bike,11,ST-2305
BIKE_0437,ğŸš²nan,37.536911,127.094055,bike,5,ST-2304
BIKE_0438,ğŸš²nan,37.547073,127.098289,bike,13,ST-2303
BIKE_0439,ğŸš²nan,37.5368,127.090836,bike,10,ST-2302
BIKE_0440,ğŸš²nan,37.535141,127.006004,bike,2,ST-2188
BIKE_0441,ğŸš²nan,37.539688,127.001991,bike,15,ST-2180
BIKE_0442,ğŸš²nan,37.538509,127.00148,bike,11,ST-2178
BIKE_0443,ğŸš²nan,37.539345,127.123314,bike,8,ST-2142
BIKE_0444,ğŸš²nan,37.519592,127.013191,bike,9,ST-1930
BIKE_0445,ğŸš²nan,37.497211,127.004272,bike,9,ST-1929
BIKE_0446,ğŸš²nan,37.516541,127.01915,bike,11,ST-1928
BIKE_0447,ğŸš²nan,37.505089,127.023911,bike,4,ST-1926
BIKE_0448,ğŸš²nan,37.520267,127.015251,bike,9,ST-1923
BIKE_0449,ğŸš²nan,37.482571,127.036438,bike,9,ST-1922
BIKE_0450,ğŸš²nan,37.480877,127.014526,bike,15,ST-1918
BIKE_0451,ğŸš²nan,37.478203,127.008781,bike,11,ST-1917
BIKE_0452,ğŸš²nan,37.505608,127.002159,bike,7,ST-1910
BIKE_0453,ğŸš²nan,37.507351,127.008018,bike,15,ST-1909
BIKE_0454,ğŸš²nan,37.510193,127.007256,bike,8,ST-1908
BIKE_0455,ğŸš²nan,37.506378,127.010391,bike,9,ST-1907
BIKE_0456,ğŸš²nan,37.495564,127.01918,bike,2,ST-1906
BIKE_0457,ğŸš²nan,37.495934,127.021774,bike,6,ST-1905
BIKE_0458,ğŸš²nan,37.491009,127.023521,bike,10,ST-1904
BIKE_0459,ğŸš²nan,37.487316,127.024895,bike,2,ST-1903
BIKE_0460,ğŸš²nan,37.487682,127.024788,bike,10,ST-1902
BIKE_0461,ğŸš²nan,37.498928,127.024727,bike,3,ST-1900
BIKE_0462,ğŸš²nan,37.503643,127.016022,bike,2,ST-1899
BIKE_0463,ğŸš²nan,37.488865,127.051575,bike,0,ST-1898
BIKE_0464,ğŸš²nan,37.494118,127.062904,bike,0,ST-1897
BIKE_0465,ğŸš²nan,37.500244,127.036057,bike,1,ST-1896
BIKE_0466,ğŸš²nan,37.527454,127.040428,bike,15,ST-1895
BIKE_0467,ğŸš²nan,37.482368,127.061188,bike,15,ST-1894
BIKE_0468,ğŸš²nan,37.484852,127.058373,bike,6,ST-1893
BIKE_0469,ğŸš²nan,37.468296,127.104698,bike,9,ST-1892
BIKE_0470,ğŸš²nan,37.464619,127.10685,bike,7,ST-1891
BIKE_0471,ğŸš²nan,37.463413,127.102264,bike,13,ST-1890
BIKE_0472,ğŸš²nan,37.490837,127.08065,bike,11,ST-1889
BIKE_0473,ğŸš²nan,37.484169,127.094849,bike,3,ST-1888
BIKE_0474,ğŸš²nan,37.504673,127.025795,bike,7,ST-1887
BIKE_0475,ğŸš²nan,37.496895,127.070137,bike,14,ST-1886
BIKE_0476,ğŸš²nan,37.514309,127.0597,bike,11,ST-1885
BIKE_0477,ğŸš²nan,37.513935,127.059822,bike,5,ST-1884
BIKE_0478,ğŸš²nan,37.507999,127.04525,bike,2,ST-1883
BIKE_0479,ğŸš²nan,37.495899,127.052193,bike,15,ST-1882
BIKE_0480,ğŸš²nan,37.496674,127.053429,bike,15,ST-1881
BIKE_0481,ğŸš²nan,37.488972,127.051826,bike,4,ST-1880
BIKE_0482,ğŸš²nan,37.490959,127.054985,bike,7,ST-1879
BIKE_0483,ğŸš²nan,37.524803,127.114639,bike,13,ST-1878
BIKE_0484,ğŸš²nan,37.47916,127.132195,bike,4,ST-1877
BIKE_0485,ğŸš²nan,37.50058,127.118843,bike,5,ST-1876
BIKE_0486,ğŸš²nan,37.509975,127.133698,bike,5,ST-1875
BIKE_0487,ğŸš²nan,37.51202,127.128647,bike,11,ST-1874
BIKE_0488,ğŸš²nan,37.508831,127.134262,bike,12,ST-1873
BIKE_0489,ğŸš²nan,37.496124,127.124802,bike,13,ST-1872
BIKE_0490,ğŸš²nan,37.47855,127.138138,bike,11,ST-1871
BIKE_0491,ğŸš²nan,37.505444,127.132332,bike,5,ST-1870
BIKE_0492,ğŸš²nan,37.494698,127.104645,bike,9,ST-1869
BIKE_0493,ğŸš²nan,37.511009,127.101143,bike,15,ST-1868
BIKE_0494,ğŸš²nan,37.507759,127.091293,bike,8,ST-1867
BIKE_0495,ğŸš²nan,37.505505,127.106575,bike,5,ST-1866
BIKE_0496,ğŸš²nan,37.526814,127.118149,bike,12,ST-1865
BIKE_0497,ğŸš²nan,37.511463,127.078812,bike,0,ST-1864
BIKE_0498,ğŸš²nan,37.486027,127.133698,bike,14,ST-1863
BIKE_0499,ğŸš²nan,37.511295,127.086739,bike,15,ST-1862
BIKE_0500,ğŸš²nan,37.477993,127.137238,bike,0,ST-1861
BIKE_0501,ğŸš²nan,37.502644,127.097397,bike,3,ST-1859
BIKE_0502,ğŸš²nan,37.497414,127.096306,bike,12,ST-1858
BIKE_0503,ğŸš²nan,37.507866,127.116989,bike,14,ST-1857
BIKE_0504,ğŸš²nan,37.485218,127.115402,bike,5,ST-1856
BIKE_0505,ğŸš²nan,37.486698,127.122444,bike,7,ST-1855
BIKE_0506,ğŸš²nan,37.491123,127.135109,bike,1,ST-1854
BIKE_0507,ğŸš²nan,37.495693,127.123856,bike,11,ST-1853
BIKE_0508,ğŸš²nan,37.495537,127.107201,bike,6,ST-1852
BIKE_0509,ğŸš²nan,37.503624,127.103554,bike,15,ST-1851
BIKE_0510,ğŸš²nan,37.528122,127.119522,bike,7,ST-1848
BIKE_0511,ğŸš²nan,37.536999,127.129532,bike,7,ST-1842
BIKE_0512,ğŸš²nan,37.536831,127.128418,bike,12,ST-1841
BIKE_0513,ğŸš²nan,37.521976,127.133621,bike,5,ST-1839
BIKE_0514,ğŸš²nan,37.53627,127.132469,bike,5,ST-1838
BIKE_0515,ğŸš²nan,37.541363,127.137184,bike,14,ST-1836
BIKE_0516,ğŸš²nan,37.516212,127.084343,bike,3,ST-1797
BIKE_0517,ğŸš²nan,37.501667,127.137741,bike,1,ST-1796
BIKE_0518,ğŸš²nan,37.525158,127.116943,bike,5,ST-1795
BIKE_0519,ğŸš²nan,37.50005,127.111511,bike,0,ST-1793
BIKE_0520,ğŸš²ì„œìš¸ ì†¡íŒŒêµ¬ ì˜¬ë¦¼í”½ë¡œ43ê¸¸ 88,37.526299,127.109497,bike,13,ST-1792
BIKE_0521,ğŸš²nan,37.547585,127.006439,bike,8,ST-1789
BIKE_0522,ğŸš²íŠ¸ëŸ­í„°ë¯¸ë„ì• ì‚¼ê±°ë¦¬,37.46032,127.036301,bike,1,ST-1744
BIKE_0523,ğŸš²JWíƒ€ì›Œ,37.48304,127.021461,bike,12,ST-1735
BIKE_0524,ğŸš²ì†¡íŒŒë‚˜ë£¨ì—­ 4ë²ˆ ì¶œêµ¬ì˜†,37.509979,127.112312,bike,4,ST-1730
BIKE_0525,ğŸš²ì„ì´Œê³ ë¶„ì—­ 4ë²ˆì¶œêµ¬,37.502338,127.096443,bike,1,ST-1729
BIKE_0526,ğŸš²ì‚¼ì „ì—­ 1ë²ˆì¶œêµ¬,37.504711,127.087563,bike,8,ST-1728
BIKE_0527,ğŸš²nan,37.544987,127.089806,bike,5,ST-1722
BIKE_0528,ğŸš²ì˜¬ë¦¼í”½ê³µì›ì—­ 3ë²ˆì¶œêµ¬,37.516258,127.130592,bike,9,ST-1720
BIKE_0529,ğŸš²í•œì„±ë°±ì œì—­ 2ë²ˆ ì¶œêµ¬,37.516659,127.116257,bike,1,ST-1719
BIKE_0530,ğŸš²ê°€ë½ì‚¼í™˜ì•„íŒŒíŠ¸ ì•,37.496181,127.138031,bike,3,ST-1717
BIKE_0531,ğŸš²í…Œë¼íƒ€ì›Œ2,37.48835,127.120781,bike,1,ST-1707
BIKE_0532,ğŸš²ê°€ë½ê³ ë“±í•™êµ ì•,37.501862,127.117233,bike,11,ST-1706
BIKE_0533,ğŸš²ì ì‹¤ì—˜ìŠ¤ 261ë™ ì¸ê·¼,37.516781,127.090492,bike,6,ST-1705
BIKE_0534,ğŸš²nan,37.491703,127.088226,bike,15,ST-1704
BIKE_0535,ğŸš²ì„¸ê³¡ë™ ì„±ë‹¹,37.472969,127.112228,bike,11,ST-1703
BIKE_0536,ğŸš²ì»¤ë¨¼ê·¸ë¼ìš´ë“œ,37.541248,127.06604,bike,3,ST-1690
BIKE_0537,ğŸš²JYP ì‚¬ì˜¥ì•,37.52393,127.129128,bike,3,ST-1687
BIKE_0538,ğŸš²nan,37.48872,127.109825,bike,6,ST-1685
BIKE_0539,ğŸš²nan,37.536419,127.116165,bike,3,ST-1684
BIKE_0540,ğŸš²nan,37.510452,127.106407,bike,2,ST-1683
BIKE_0541,ğŸš²ë³´ì„±ì¤‘ê³ ë“±í•™êµ í›„ë¬¸ ì•,37.520489,127.135201,bike,1,ST-1682
BIKE_0542,ğŸš²nan,37.514992,127.106117,bike,7,ST-1681
BIKE_0543,ğŸš²í¬ìŠ¤ì½”í”¼ì•¤ì—ìŠ¤íƒ€ì›Œ (ì—­ì‚¼ì—­ 3ë²ˆì¶œêµ¬ ë¶€ê·¼),37.499599,127.033752,bike,15,ST-1680
BIKE_0544,ğŸš²ì—­ì‚¼ë™ ë””ì˜¤ìŠˆí˜ë¦¬ì›€ (ìš°ì„±ì•„íŒŒíŠ¸ ì‚¬ê±°ë¦¬),37.492062,127.030746,bike,0,ST-1679
BIKE_0545,ğŸš²ì•„ì°¨ì‚° íœ´ë¨¼ì‹œì•„ ì•„íŒŒíŠ¸ ì˜†,37.548489,127.093758,bike,11,ST-1664
BIKE_0546,ğŸš²ì¤‘ì•™ë†í˜‘(ìì–‘ë™),37.531811,127.080742,bike,13,ST-1663
BIKE_0547,ğŸš²nan,37.540081,127.069565,bike,11,ST-1661
BIKE_0548,ğŸš²nan,37.539295,127.070786,bike,14,ST-1660
BIKE_0549,ğŸš²ë³µì •ì—­ 2ë²ˆì¶œêµ¬ í›„ë¬¸ (ì¥ì§€ì¹˜ì•ˆì„¼í„°),37.47065,127.127113,bike,8,ST-1658
BIKE_0550,ğŸš²ë³µì •ì—­ 1ë²ˆ ì¶œêµ¬ ì•,37.471298,127.12709,bike,4,ST-1656
BIKE_0551,ğŸš²nan,37.482826,127.042732,bike,1,ST-1654
BIKE_0552,ğŸš²ì‚¼í‘œë ˆë¯¸ì½˜ ì•,37.531311,127.111282,bike,14,ST-1627
BIKE_0553,ğŸš²nan,37.538227,127.131744,bike,1,ST-1626
BIKE_0554,ğŸš²nan,37.546898,127.134666,bike,9,ST-1621
BIKE_0555,ğŸš²nan,37.54467,127.132675,bike,5,ST-1620
BIKE_0556,ğŸš²ì–´ë¦°ì´ëŒ€ê³µì›ì •ë¬¸,37.549789,127.075928,bike,15,ST-1603
BIKE_0557,ğŸš²ë…ì„œë‹¹ ì¸ë¬¸ì•„ì¹´ë°ë¯¸ì„¼í„°,37.546089,127.02507,bike,14,ST-1599
BIKE_0558,ğŸš²ì²œë™ì´ˆêµì‚¼ê±°ë¦¬ (ë³´ë„ìœ¡êµ),37.540508,127.137009,bike,7,ST-1596
BIKE_0559,ğŸš²nan,37.480953,127.130104,bike,12,ST-1592
BIKE_0560,ğŸš²ìœ„ë¡€24ë‹¨ì§€ ê¿ˆì—ê·¸ë¦°ì•„íŒŒíŠ¸,37.477291,127.137894,bike,14,ST-1591
BIKE_0561,ğŸš²ì„ì´Œí˜¸ìˆ˜ ì„œí˜¸ì‚¬ê±°ë¦¬,37.506748,127.098831,bike,12,ST-1590
BIKE_0562,ğŸš²ì˜¤ë¥œì‚¬ê±°ë¦¬,37.506939,127.139221,bike,1,ST-1589
BIKE_0563,ğŸš²ì†¡íŒŒì†Œë°©ì„œ (ë°©ì´119ì•ˆì „ì„¼í„°),37.519878,127.136711,bike,5,ST-1588
BIKE_0564,ğŸš²ì„ì´Œí˜¸ìˆ˜ì‚¬ê±°ë¦¬(ë¡¯ë°ì›”ë“œ),37.511501,127.102119,bike,0,ST-1587
BIKE_0565,ğŸš²ì„ì´Œí˜¸ìˆ˜êµì°¨ë¡œ(ë™í˜¸ íŒ”ê°ì • ì•),37.509201,127.104118,bike,11,ST-1586
BIKE_0566,ğŸš²ì„ì´Œí˜¸ìˆ˜êµì°¨ë¡œ (ì†¡íŒŒë‚˜ë£¨ê·¼ë¦°ê³µì› ì•),37.508678,127.103432,bike,5,ST-1585
BIKE_0567,ğŸš²ì ì‹¤ì—­ 8ë²ˆì¶œêµ¬,37.513962,127.100304,bike,4,ST-1584
BIKE_0568,ğŸš²ì„œìš¸ë†€ì´ë§ˆë‹¹ì• êµì°¨ë¡œ,37.509731,127.097687,bike,4,ST-1583
BIKE_0569,ğŸš²ì„ì´Œí˜¸êµì°¨ë¡œ (ìŠ¤íƒ€ë²…ìŠ¤ ì•),37.506561,127.096558,bike,4,ST-1582
BIKE_0570,ğŸš²ë°©ì´ê³ ë¶„ ê³µì›,37.50737,127.118103,bike,2,ST-1581
BIKE_0571,ğŸš²ì„œìš¸ì²´ìœ¡ê³ ë“±í•™êµ ì•,37.521938,127.131866,bike,3,ST-1580
BIKE_0572,ğŸš²nan,37.474583,127.137543,bike,6,ST-1579
BIKE_0573,ğŸš²ê°•ë‚¨í•œì–‘ìˆ˜ìì¸ì•„íŒŒíŠ¸,37.477341,127.113274,bike,9,ST-1578
BIKE_0574,ğŸš²ì—­ì‚¼.ì„œì´ˆ.ì‚¼ì„± ì„¸ë¬´ì„œ ì• (ì—­ì‚¼ë¹Œë”© ì•),37.49847,127.030113,bike,1,ST-1577
BIKE_0575,ğŸš²ë…¼í˜„ë™ ê´‘ëª…ë¹Œë”© ì•,37.517571,127.023643,bike,2,ST-1576
BIKE_0576,ğŸš²ì²­ë‹´ê³µì›ì• êµì°¨ë¡œ,37.518711,127.05085,bike,6,ST-1575
BIKE_0577,ğŸš²ëŒ€ëª¨ì‚°ì…êµ¬ì—­ 4ë²ˆ ì¶œêµ¬ ì•,37.49181,127.073158,bike,14,ST-1574
BIKE_0578,ğŸš²ê³µë¬´ì›ì—°ê¸ˆë§¤ì  êµì°¨ë¡œ (ê°œí¬ì£¼ê³µ9ë‹¨ì§€ ì…êµ¬),37.48872,127.074539,bike,7,ST-1573
BIKE_0579,ğŸš²ë˜ë¯¸ì•ˆë£¨ì²´í•˜ì„ ì•„íŒŒíŠ¸ ì…êµ¬ (ì¤‘ë™ì¤‘í•™êµ ì…êµ¬),37.489792,127.081223,bike,10,ST-1572
BIKE_0580,ğŸš²ë°€ì•Œí•™êµ ì…êµ¬ (ì‚¼ì„±ì„œìš¸ë³‘ì› ì…êµ¬),37.486561,127.082672,bike,5,ST-1571
BIKE_0581,ğŸš²ì¼ì›ì—­êµì°¨ë¡œ (í‘¸ë¥¸ë§ˆì„ì•„íŒŒíŠ¸ ìƒê°€),37.48349,127.083702,bike,0,ST-1570
BIKE_0582,ğŸš²ëŒ€ëª¨ì‚°ì…êµ¬ êµì°¨ë¡œ (í‘¸ë¥¸ë§ˆì„ì•„íŒŒíŠ¸ ì…êµ¬),37.482849,127.080162,bike,5,ST-1569
BIKE_0583,ğŸš²ë”ë¼ì›€,37.50811,127.039452,bike,5,ST-1568
BIKE_0584,ğŸš²ì•„í¬ë¡œíìŠ¤ë…¼í˜„ì•„íŒŒíŠ¸ ì…êµ¬,37.509682,127.037918,bike,7,ST-1567
BIKE_0585,ğŸš²ì˜ë™3êµ ë¶ë‹¨(ìš°ì„±ìºë¦­í„° ì• ë³´ë„),37.485741,127.051048,bike,6,ST-1566
BIKE_0586,ğŸš²ê°œí¬1ë‹¨ì§€ì•„íŒŒíŠ¸ ì…êµ¬ (ë³´ë„ìœ¡êµ),37.47929,127.055733,bike,14,ST-1565
BIKE_0587,ğŸš²nan,37.480251,127.054192,bike,0,ST-1564
BIKE_0588,ğŸš²êµ¬ë£¡ì‚¬ ì• êµì°¨ë¡œ (ë³´ë„ìœ¡êµ),37.472,127.051338,bike,2,ST-1563
BIKE_0589,ğŸš²nan,37.474472,127.05545,bike,13,ST-1562
BIKE_0590,ğŸš²êµ¬ë£¡ë§ˆì„ ì…êµ¬(ê°œí¬1ë‹¨ì§€ì•„íŒŒíŠ¸),37.475986,127.059624,bike,5,ST-1561
BIKE_0591,ğŸš²êµ¬ë£¡ë§ˆì„ ì…êµ¬ (ë˜ë¯¸ì•ˆë¸”ë ˆìŠ¤í‹°ì§€ ì•„íŒŒíŠ¸),37.480881,127.063042,bike,13,ST-1560
BIKE_0592,ğŸš²ê²½ê¸°ì—¬ìê³ ë“±í•™êµ í›„ë¬¸ (ì‚¼ì„±ë¡œ3ê¸¸ ì…êµ¬),37.48616,127.067238,bike,2,ST-1559
BIKE_0593,ğŸš²ì‚¼ì›ë¹Œë”©,37.493259,127.029533,bike,14,ST-1556
BIKE_0594,ğŸš²ì‹ ì‚¬ì—­ 4ë²ˆì¶œêµ¬ ë’¤,37.515881,127.019302,bike,6,ST-1555
BIKE_0595,ğŸš²ë°˜í¬1ë™ ì„œì´ˆë¹Œë”© ì•,37.503811,127.021362,bike,6,ST-1554
BIKE_0596,ğŸš²ì„œì´ˆì—­1ë²ˆì¶œêµ¬ ì•,37.491951,127.008553,bike,15,ST-1553
BIKE_0597,ğŸš²ë³´ê´‘ë™ ì‚¼ì„±ë¦¬ë²„ë¹Œì•„íŒŒíŠ¸ ì•,37.52401,127.00145,bike,7,ST-1441
BIKE_0598,ğŸš²ì†¡ë„ë³‘ì›,37.549889,127.007347,bike,9,ST-1438
BIKE_0599,ğŸš²ê°•ë‚¨êµ¬ ë„ì‹œê´€ë¦¬ê³µë‹¨,37.516785,127.051613,bike,1,ST-1433
BIKE_0600,ğŸš²ê±´êµ­ëŒ€í•™êµ ê³¼í•™ê´€(ì´ê³¼ëŒ€) ì•,37.541718,127.08017,bike,13,ST-1429
BIKE_0601,ğŸš²í’ë‚©ë™ ìì „ê±°ë³´ê´€ì†Œ,37.531471,127.111092,bike,2,ST-1422
BIKE_0602,ğŸš²nan,37.526783,127.135574,bike,9,ST-1420
BIKE_0603,ğŸš²ë¬¸ì •ì¤‘êµ ì‚¬ê±°ë¦¬,37.487999,127.131088,bike,8,ST-1419
BIKE_0604,ğŸš²nan,37.505413,127.131691,bike,3,ST-1414
BIKE_0605,ğŸš²nan,37.515797,127.106819,bike,14,ST-1409
BIKE_0606,ğŸš²nan,37.505627,127.136421,bike,8,ST-1408
BIKE_0607,ğŸš²ë˜ë¯¸ì•ˆê°•ë‚¨íì¦ˆ ì‚¬ê±°ë¦¬,37.472454,127.096077,bike,9,ST-1407
BIKE_0608,ğŸš²í•œì „ì•„íŠ¸ì„¼í„° ì•,37.486469,127.028061,bike,14,ST-1406
BIKE_0609,ğŸš²ë˜ë¯¸ì•ˆì„œì´ˆìŠ¤ìœ„íŠ¸ì•,37.502411,127.021606,bike,3,ST-1405
BIKE_0610,ğŸš²ë‚¨ë¶€í„°ë¯¸ë„ì—­ 1ë²ˆì¶œêµ¬,37.485672,127.015923,bike,14,ST-1404
BIKE_0611,ğŸš²í˜„ëŒ€í™ˆíƒ€ìš´ ë’·ê¸¸,37.543427,127.096619,bike,10,ST-1379
BIKE_0612,ğŸš²ê´‘ì§„ê²½ì°°ì„œ,37.542519,127.084084,bike,15,ST-1378
BIKE_0613,ğŸš²nan,37.536472,127.137154,bike,15,ST-1369
BIKE_0614,ğŸš²ê±°ì—¬ì´ˆë“±í•™êµ ì˜†,37.504589,127.139366,bike,8,ST-1367
BIKE_0615,ğŸš²sk ë™ìš°ì£¼ìœ ì†Œ ì•,37.509586,127.040909,bike,11,ST-1366
BIKE_0616,ğŸš²í•™ë™ì—­,37.51395,127.030151,bike,14,ST-1365
BIKE_0617,ğŸš²ìê³¡ì‚¬ê±°ë¦¬,37.476028,127.105942,bike,13,ST-1364
BIKE_0618,ğŸš²ë‘ìƒë¹Œë”© ì•,37.475906,127.046242,bike,5,ST-1361
BIKE_0619,ğŸš²SPC ì•,37.484798,127.036995,bike,15,ST-1360
BIKE_0620,ğŸš²ë¬´ì§€ê°œì•„íŒŒíŠ¸ ì•,37.488243,127.027016,bike,2,ST-1359
BIKE_0621,ğŸš²nan,37.528988,127.006622,bike,13,ST-1344
BIKE_0622,ğŸš²ë°©ë°°ë˜ë¯¸ì•ˆì•„íŠ¸í 101ë™ì•,37.477203,127.005836,bike,9,ST-1308
BIKE_0623,ğŸš²ì„œìš¸ì„œì´ˆê³ ìš©ì„¼í„° ì•,37.484161,127.010971,bike,4,ST-1306
BIKE_0624,ğŸš²êµëŒ€ì—­ 5ë²ˆì¶œêµ¬ ë’¤,37.493618,127.014183,bike,9,ST-1305
BIKE_0625,ğŸš²nan,37.543842,127.0933,bike,11,ST-1271
BIKE_0626,ğŸš²ë³´ê¸ˆìë¦¬ì •ì›,37.466328,127.094887,bike,15,ST-1248
BIKE_0627,ğŸš²nan,37.501228,127.050362,bike,6,ST-1247
BIKE_0628,ğŸš²nan,37.507999,127.033836,bike,7,ST-1246
BIKE_0629,ğŸš²ì‚¼ì„±ë™ë² ì´ì§í•˜ìš°ìŠ¤ì•,37.511696,127.049347,bike,4,ST-1245
BIKE_0630,ğŸš²ì„œìš¸ìˆ² ê´€ë¦¬ì‚¬ë¬´ì†Œ,37.542816,127.042084,bike,5,ST-1199
BIKE_0631,ğŸš²í™”ì–‘ì‚¬ê±°ë¦¬,37.548222,127.067879,bike,6,ST-1193
BIKE_0632,ğŸš²ì–´ë¦°ì´íšŒê´€,37.545952,127.078003,bike,7,ST-1192
BIKE_0633,ğŸš²ì˜ë™ëŒ€êµ ë¶ë‹¨,37.537014,127.061096,bike,15,ST-1191
BIKE_0634,ğŸš²nan,37.48735,127.102325,bike,0,ST-1186
BIKE_0635,ğŸš²ìˆ˜ì„œì—­ 6ë²ˆì¶œêµ¬ ì•,37.486778,127.100517,bike,8,ST-1185
BIKE_0636,ğŸš²ìˆ˜ì„œì—­ 1ë²ˆì¶œêµ¬ ì•,37.48735,127.100998,bike,14,ST-1184
BIKE_0637,ğŸš²ê°œí¬ë™ì—­ ì‚¬ê±°ë¦¬,37.489277,127.065575,bike,8,ST-1182
BIKE_0638,ğŸš²ëŒ€ì¹˜ì—­ ì‚¬ê±°ë¦¬,37.494499,127.063797,bike,10,ST-1181
BIKE_0639,ğŸš²í•œêµ­ìš°í¸ì‚¬ì—…ì§„í¥ì›,37.514748,127.035133,bike,3,ST-1180
BIKE_0640,ğŸš²í•œí‹°ì—­ 3ë²ˆì¶œêµ¬,37.496552,127.054298,bike,13,ST-1179
BIKE_0641,ğŸš²KTì„ ë¦‰íƒ€ì›Œ,37.505428,127.052872,bike,6,ST-1178
BIKE_0642,ğŸš²ë„ê³¡ë™ ê²½ë‚¨ì•„íŒŒíŠ¸ ê±´ë„ˆí¸,37.489342,127.041298,bike,3,ST-1177
BIKE_0643,ğŸš²K+ íƒ€ì›Œ ì•,37.5233,127.038475,bike,10,ST-1174
BIKE_0644,ğŸš²ë„ì‚°ëŒ€ë¡œ ë ‰ì„œìŠ¤ ì•,37.52124,127.031899,bike,8,ST-1173
BIKE_0645,ğŸš²nan,37.519138,127.027519,bike,1,ST-1172
BIKE_0646,ğŸš²ì‹ ì‚¬ë™ ê°€ë¡œìˆ˜ê¸¸ ì…êµ¬,37.517635,127.022453,bike,6,ST-1171
BIKE_0647,ğŸš²ì••êµ¬ì •ì—­ êµì°¨ë¡œ,37.526844,127.028259,bike,10,ST-1170
BIKE_0648,ğŸš²nan,37.514839,127.015602,bike,0,ST-1169
BIKE_0649,ğŸš²nan,37.473877,127.039032,bike,13,ST-1168
BIKE_0650,ğŸš²nan,37.461494,127.049072,bike,8,ST-1167
BIKE_0651,ğŸš²nan,37.469242,127.039825,bike,7,ST-1166
BIKE_0652,ğŸš²ì¼ë™ì œì•½ ì‚¬ê±°ë¦¬,37.477829,127.038269,bike,8,ST-1165
BIKE_0653,ğŸš²êµëŒ€ì…êµ¬ êµì°¨ë¡œ,37.487309,127.010582,bike,14,ST-1164
BIKE_0654,ğŸš²ì£¼í™êµ í•˜ë¶€,37.510349,127.016052,bike,15,ST-1161
BIKE_0655,ğŸš²ì„œì´ˆ4ë™ì£¼ë¯¼ì„¼í„°,37.502319,127.02227,bike,8,ST-1160
BIKE_0656,ğŸš²ì„œì´ˆì—­ 3ë²ˆì¶œêµ¬,37.49054,127.008163,bike,14,ST-1158
BIKE_0657,ğŸš²ì„¼ì¶”ë¦¬í”„ë¼ì,37.544006,127.062149,bike,4,ST-115
BIKE_0658,ğŸš²ê´‘ì§„ë©”ë””ì»¬ì•,37.548405,127.069366,bike,5,ST-114
BIKE_0659,ğŸš²ê´‘ì–‘ì¤‘í•™êµ ì•,37.530235,127.08683,bike,8,ST-113
BIKE_0660,ğŸš²ì„±ìˆ˜ì‚¬ê±°ë¦¬ ë²„ìŠ¤ì •ë¥˜ì¥ ì•,37.54258,127.063309,bike,15,ST-112
BIKE_0661,ğŸš²ëšì„¬ì—­ 5ë²ˆ ì¶œêµ¬ ì •ë¥˜ì†Œ ì˜†,37.546307,127.049805,bike,14,ST-111
BIKE_0662,ğŸš²ì˜íŒŒì—¬ê³  ì•,37.532848,127.121048,bike,1,ST-1092
BIKE_0663,ğŸš²ëšì„¬ì—­ 1ë²ˆ ì¶œêµ¬ ì˜†,37.548561,127.045006,bike,6,ST-109
BIKE_0664,ğŸš²ì†¡íŒŒë„ì„œê´€,37.499985,127.135391,bike,8,ST-1089
BIKE_0665,ğŸš²ë¦¬ì„¼ì¸ ì•„íŒŒíŠ¸,37.511944,127.091217,bike,6,ST-1088
BIKE_0666,ğŸš²ëª½ì´Œí† ì„±ì—­ 1ë²ˆì¶œêµ¬ ì˜†,37.517288,127.114197,bike,13,ST-1087
BIKE_0667,ğŸš²ì˜¬ë¦¼í”½ê³µì› ë‚¨2ë¬¸ ì•,37.51424,127.12307,bike,0,ST-1086
BIKE_0668,ğŸš²ì¥ì§€ë™ ê¸€ìƒ˜ ê³µì›,37.478809,127.120003,bike,0,ST-1085
BIKE_0669,ğŸš²ë¬¸ì •ë™ ê·¼ë¦°ê³µì›,37.485989,127.124763,bike,1,ST-1084
BIKE_0670,ğŸš²ì²œí˜¸ì—­ 10ë²ˆ ì¶œêµ¬ ì•,37.538582,127.122803,bike,10,ST-1083
BIKE_0671,ğŸš²ì¥ì§€ê³µì˜ì°¨ê³ ì§€,37.480541,127.137016,bike,1,ST-1082
BIKE_0672,ğŸš²ì†¡íŒŒì—¬ì„±ë¬¸í™”íšŒê´€ ì•,37.505802,127.109718,bike,0,ST-1081
BIKE_0673,ğŸš²ì„ì´Œì—­ 1ë²ˆì¶œêµ¬ ì•,37.505829,127.107056,bike,4,ST-1080
BIKE_0674,ğŸš²ì„œìš¸ìˆ²ì—­ 4ë²ˆ ì¶œêµ¬ ì˜†,37.544582,127.044609,bike,10,ST-108
BIKE_0675,ğŸš²ë°©ì´ë™ í•œì–‘3ì°¨ì•„íŒŒíŠ¸ ì˜†,37.506302,127.121399,bike,0,ST-1079
BIKE_0676,ğŸš²ë°©ì´ì—­ 1ë²ˆì¶œêµ¬,37.508984,127.126595,bike,6,ST-1078
BIKE_0677,ğŸš²ê°€ë½ë¯¸ë¥­ì•„íŒŒíŠ¸ ì•,37.493198,127.128998,bike,15,ST-1077
BIKE_0678,ğŸš²ê°€ë½ì‹œì¥ì—­ ë¡¯ë°ë§ˆíŠ¸ì•,37.4921,127.117752,bike,4,ST-1076
BIKE_0679,ğŸš²ë¬¸ì •í˜„ëŒ€ì•„íŒŒíŠ¸ êµì°¨ë¡œ,37.491131,127.125809,bike,9,ST-1075
BIKE_0680,ğŸš²ì˜¤ê¸ˆì—­ 3ë²ˆ ì¶œêµ¬ ë’¤,37.501652,127.128181,bike,10,ST-1072
BIKE_0681,ğŸš²ì„ì´Œì—­ 2ë²ˆì¶œêµ¬,37.505932,127.10775,bike,13,ST-1070
BIKE_0682,ğŸš²ì„œìš¸ìˆ²ë‚¨ë¬¸ ë²„ìŠ¤ì •ë¥˜ì†Œ ì˜†,37.541222,127.0438,bike,5,ST-107
BIKE_0683,ğŸš²ì´ë§ˆíŠ¸ ë²„ìŠ¤ì •ë¥˜ì†Œ ì˜†,37.539654,127.052589,bike,14,ST-106
BIKE_0684,ğŸš²nan,37.54517,127.057571,bike,10,ST-105
BIKE_0685,ğŸš²nan,37.527031,127.122063,bike,10,ST-1047
BIKE_0686,ğŸš²nan,37.536556,127.125534,bike,7,ST-1046
BIKE_0687,ğŸš²nan,37.533108,127.122772,bike,2,ST-1045
BIKE_0688,ğŸš²nan,37.529297,127.123154,bike,5,ST-1041
BIKE_0689,ğŸš²ì•„ì´ì—ìŠ¤ë¹„ì¦ˆíƒ€ì›Œ ì•,37.548203,127.057114,bike,7,ST-104
BIKE_0690,ğŸš²ì†¡ì •ê¸ˆí˜¸ì–´ìš¸ë¦¼ ì•„íŒŒíŠ¸ ì•,37.549061,127.057793,bike,5,ST-103
BIKE_0691,ğŸš²íƒ€ì›Œë”ëª¨ìŠ¤íŠ¸ ê´‘ì§„ì•„í¬ë¡œí…”,37.53701,127.082245,bike,7,ST-102
BIKE_0692,ğŸš²ì‹ ìì´ˆêµì…êµ¬êµì°¨ë¡œ,37.53297,127.075935,bike,12,ST-101
BIKE_0693,ğŸš²ë”ìƒµìŠ¤íƒ€ì‹œí‹° Cë™ ì•,37.536667,127.073593,bike,0,ST-100
